{
	"items" : [
		{
			"img": "img/owl1.jpg",
			"alt" : "Owl Image 1",
			"link" : "http://www.dowebok.com/"
		},
		{
			"img": "img/owl2.jpg",
			"alt" : "Owl Image 2",
			"link" : "http://www.dowebok.com/93.html"
		},
		{
			"img": "img/owl3.jpg",
			"alt" : "Owl Image 3",
			"link" : "http://www.dowebok.com/92.html"
		},
		{
			"img": "img/owl4.jpg",
			"alt" : "Owl Image 4",
			"link" : "http://www.dowebok.com/91.html"
		},
		{
			"img": "img/owl5.jpg",
			"alt" : "Owl Image 5",
			"link" : "http://www.dowebok.com/90.html"
		},
		{
			"img": "img/owl6.jpg",
			"alt" : "Owl Image 6",
			"link" : "http://www.dowebok.com/89.html"
		},
		{
			"img": "img/owl7.jpg",
			"alt" : "Owl Image 7",
			"link" : "http://www.dowebok.com/88.html"
		},
		{
			"img": "img/owl8.jpg",
			"alt" : "Owl Image 8",
			"link" : "http://www.dowebok.com/87.html"
		}
	]
}